,representation,avg_time_prep,avg_time_calc,avg_time_whole
0,dense,0.0,1.0312499999999998,1.0312499999999998
1,coord,0.006700000000000003,0.2653500000000001,0.27205000000000007
